ProductID,RokMiesiac,EOM,Year,Month,Quarter,HierarchyLevel,ProductLine,Family,KPI_OrdersIn_Qty,KPI_SalesQty,KPI_OrdersIn_Value,KPI_SalesNet,KPI_COGS,DBG_DaysInMonth,DBG_HistLen_Roll3_Months,DBG_IsFull_Roll3,FS_OrdersIn_Month_vs_Roll3_STRICT,FS_OrdersIn_Month_minus_Roll3Avg_STRICT,FS_Sales_Month_vs_Roll3_STRICT,FS_B2B_Month_vs_Roll3_STRICT,FS_DeltaFG_Month_vs_OrdersIn_Roll3_STRICT,KPI_Backlog_AsOf_Qty_EOM,KPI_Backlog_AsOf_Value_EOM,KPI_Backlog_Delta_Qty_EOM,KPI_Backlog_Delta_Pct_EOM,KPI_BookToBill_Qty,KPI_BookToBill_Value,KPI_BookToBill_Qty_Roll3_STRICT,KPI_BookToBill_Value_Roll3_STRICT,KPI_COGS_Roll3_STRICT,KPI_COGS_Roll6_STRICT,KPI_OrdersIn_Qty_Roll3_STRICT,KPI_OrdersIn_Qty_Roll6_STRICT,KPI_OrdersIn_Qty_Lag12_STRICT,KPI_OrdersIn_Qty_YoY_Pct_STRICT,KPI_OrdersIn_Value_Roll3_STRICT,KPI_OrdersIn_Value_Roll6_STRICT,KPI_OrdersIn_Value_Lag12_STRICT,KPI_OrdersIn_Value_YoY_Pct_STRICT,KPI_Sales_Qty_Roll3_STRICT,KPI_Sales_Qty_Roll6_STRICT,KPI_Sales_Qty_Lag12_STRICT,KPI_Sales_Qty_YoY_Pct_STRICT,KPI_Sales_Value_Roll3_STRICT,KPI_Sales_Value_Roll6_STRICT,KPI_Sales_Value_Lag12_STRICT,KPI_Sales_Value_YoY_Pct_STRICT,OPS_FG_Qty_EOM,OPS_FG_Value_EOM,OPS_CoverageDays_FG_Qty_3M_STRICT,OPS_CoverageDays_FG_Cost_3M_STRICT,LT_LeadTimeMonths_Used,LT_Clean_Median_Days_Last12M_EOM_STRICT,LT_Clean_P90_Days_Last12M_EOM_STRICT,LT_Clean_Median_Months_Last12M_EOM_STRICT,LT_Orders_Count_Clean_Last12M_EOM_STRICT,LT_Orders_Invalid_Pct_Last12M_EOM_STRICT,LT_Cycle_IsReliable_Roll12,LT_PW_Qty,LT_PW_Cost,KPI_GapCost_Pct,KPI_RatioCost
391305,2021-01,2021-01-31 00:00:00,2021,1,1,KCO,Pellet,KCO,,,,,,31,1,0,,,,,,,,,,,,,,,,,,,,,,,,,,,,,,,,,,,,1,,,,,,0,,,,
391305,2021-02,2021-02-28 00:00:00,2021,2,1,KCO,Pellet,KCO,,,,,,28,2,0,,,,,,,,,,,,,,,,,,,,,,,,,,,,,,,,,,,,1,,,,,,0,,,,
391305,2021-03,2021-03-31 00:00:00,2021,3,1,KCO,Pellet,KCO,,,,,,31,3,1,,,,,,,,,,,,,,,,,,,,,,,,,,,,,,,,,,,,1,,,,,,0,,,,
391305,2021-04,2021-04-30 00:00:00,2021,4,2,KCO,Pellet,KCO,,,,,,30,3,1,,,,,,,,,,,,,,,,,,,,,,,,,,,,,,,,,,,,1,,,,,,0,,,,
391305,2021-05,2021-05-31 00:00:00,2021,5,2,KCO,Pellet,KCO,,,,,,31,3,1,,,,,,,,,,,,,,,,,,,,,,,,,,,,,,,,,,,,1,,,,,,0,,,,
391305,2021-06,2021-06-30 00:00:00,2021,6,2,KCO,Pellet,KCO,,,,,,30,3,1,,,,,,,,,,,,,,,,,,,,,,,,,,,,,,,,,,,,1,,,,,,0,,,,
391305,2021-07,2021-07-31 00:00:00,2021,7,3,KCO,Pellet,KCO,,,,,,31,3,1,,,,,,,,,,,,,,,,,,,,,,,,,,,,,,,,,,,,1,,,,,,0,,,,
391305,2021-08,2021-08-31 00:00:00,2021,8,3,KCO,Pellet,KCO,,,,,,31,3,1,,,,,,,,,,,,,,,,,,,,,,,,,,,,,,,,,,,,1,,,,,,0,,,,
391305,2021-09,2021-09-30 00:00:00,2021,9,3,KCO,Pellet,KCO,,,,,,30,3,1,,,,,,,,,,,,,,,,,,,,,,,,,,,,,,,,,,,,1,,,,,,0,,,,
391305,2021-10,2021-10-31 00:00:00,2021,10,4,KCO,Pellet,KCO,,,,,,31,3,1,,,,,,,,,,,,,,,,,,,,,,,,,,,,,,,,,,,,1,,,,,,0,,,,
391305,2021-11,2021-11-30 00:00:00,2021,11,4,KCO,Pellet,KCO,,,,,,30,3,1,,,,,,,,,,,,,,,,,,,,,,,,,,,,,,,,,,,,1,,,,,,0,,,,
391305,2021-12,2021-12-31 00:00:00,2021,12,4,KCO,Pellet,KCO,,,,,,31,3,1,,,,,,,,,,,,,,,,,,,,,,,,,,,,,,,,,,,,1,,,,,,0,,,,
391305,2022-01,2022-01-31 00:00:00,2022,1,1,KCO,Pellet,KCO,,,,,,31,3,1,,,,,,,,,,,,,,,,,,,,,,,,,,,,,,,,,,,,1,,,,,,0,,,,
391305,2022-02,2022-02-28 00:00:00,2022,2,1,KCO,Pellet,KCO,,,,,,28,3,1,,,,,,,,,,,,,,,,,,,,,,,,,,,,,,,,,,,,1,,,,,,0,,,,
391305,2022-03,2022-03-31 00:00:00,2022,3,1,KCO,Pellet,KCO,,,,,,31,3,1,,,,,,,,,,,,,,,,,,,,,,,,,,,,,,,,,,,,1,,,,,,0,,,,
391305,2022-04,2022-04-30 00:00:00,2022,4,2,KCO,Pellet,KCO,,,,,,30,3,1,,,,,,,,,,,,,,,,,,,,,,,,,,,,,,,,,,,,1,,,,,,0,,,,
391305,2022-05,2022-05-31 00:00:00,2022,5,2,KCO,Pellet,KCO,,,,,,31,3,1,,,,,,,,,,,,,,,,,,,,,,,,,,,,,,,,,,,,1,,,,,,0,,,,
391305,2022-06,2022-06-30 00:00:00,2022,6,2,KCO,Pellet,KCO,,,,,,30,3,1,,,,,,,,,,,,,,,,,,,,,,,,,,,,,,,,,,,,1,,,,,,0,,,,
391305,2022-07,2022-07-31 00:00:00,2022,7,3,KCO,Pellet,KCO,,,,,,31,3,1,,,,,,,,,,,,,,,,,,,,,,,,,,,,,,,,,,,,1,,,,,,0,,,,
391305,2022-08,2022-08-31 00:00:00,2022,8,3,KCO,Pellet,KCO,,,,,,31,3,1,,,,,,,,,,,,,,,,,,,,,,,,,,,,,,,,,,,,1,,,,,,0,,,,
391305,2022-09,2022-09-30 00:00:00,2022,9,3,KCO,Pellet,KCO,,,,,,30,3,1,,,,,,,,,,,,,,,,,,,,,,,,,,,,,,,,,,,,1,,,,,,0,,,,
391305,2022-10,2022-10-31 00:00:00,2022,10,4,KCO,Pellet,KCO,,,,,,31,3,1,,,,,,,,,,,,,,,,,,,,,,,,,,,,,,,,,,,,1,,,,,,0,,,,
391305,2022-11,2022-11-30 00:00:00,2022,11,4,KCO,Pellet,KCO,,,,,,30,3,1,,,,,,,,,,,,,,,,,,,,,,,,,,,,,,,,,,,,1,,,,,,0,,,,
391305,2022-12,2022-12-31 00:00:00,2022,12,4,KCO,Pellet,KCO,,,,,,31,3,1,,,,,,,,,,,,,,,,,,,,,,,,,,,,,,,,,,,,1,,,,,,0,,,,
391305,2023-01,2023-01-31 00:00:00,2023,1,1,KCO,Pellet,KCO,,,,,,31,3,1,,,,,,,,,,,,,,,,,,,,,,,,,,,,,,,,,,,,1,,,,,,0,,,,
391305,2023-02,2023-02-28 00:00:00,2023,2,1,KCO,Pellet,KCO,,,,,,28,3,1,,,,,,,,,,,,,,,,,,,,,,,,,,,,,,,,,,,,1,,,,,,0,,,,
391305,2023-03,2023-03-31 00:00:00,2023,3,1,KCO,Pellet,KCO,,,,,,31,3,1,,,,,,,,,,,,,,,,,,,,,,,,,,,,,,,,,,,,1,,,,,,0,,,,
391305,2023-04,2023-04-30 00:00:00,2023,4,2,KCO,Pellet,KCO,,,,,,30,3,1,,,,,,,,,,,,,,,,,,,,,,,,,,,,,,,,,,,,1,,,,,,0,,,,
391305,2023-05,2023-05-31 00:00:00,2023,5,2,KCO,Pellet,KCO,,,,,,31,3,1,,,,,,,,,,,,,,,,,,,,,,,,,,,,,,,,,,,,1,,,,,,0,,,,
391305,2023-06,2023-06-30 00:00:00,2023,6,2,KCO,Pellet,KCO,,,,,,30,3,1,,,,,,,,,,,,,,,,,,,,,,,,,,,,,,,,,,,,1,,,,,,0,,,,
391305,2023-07,2023-07-31 00:00:00,2023,7,3,KCO,Pellet,KCO,,,,,,31,3,1,,,,,,,,,,,,,,,,,,,,,,,,,,,,,,,,,,,,1,,,,,,0,,,,
391305,2023-08,2023-08-31 00:00:00,2023,8,3,KCO,Pellet,KCO,,,,,,31,3,1,,,,,,,,,,,,,,,,,,,,,,,,,,,,,,,,,,,,1,,,,,,0,,,,
391305,2023-09,2023-09-30 00:00:00,2023,9,3,KCO,Pellet,KCO,,,,,,30,3,1,,,,,,,,,,,,,,,,,,,,,,,,,,,,,,,,,,,,1,,,,,,0,,,,
391305,2023-10,2023-10-31 00:00:00,2023,10,4,KCO,Pellet,KCO,,,,,,31,3,1,,,,,,,,,,,,,,,,,,,,,,,,,,,,,,,,,,,,1,,,,,,0,,,,
391305,2023-11,2023-11-30 00:00:00,2023,11,4,KCO,Pellet,KCO,,,,,,30,3,1,,,,,,,,,,,,,,,,,,,,,,,,,,,,,,,,,,,,1,,,,,,0,,,,
391305,2023-12,2023-12-31 00:00:00,2023,12,4,KCO,Pellet,KCO,,,,,,31,3,1,,,,,,,,,,,,,,,,,,,,,,,,,,,,,,,,,,,,1,,,,,,0,,,,
391305,2024-01,2024-01-31 00:00:00,2024,1,1,KCO,Pellet,KCO,,,,,,31,3,1,,,,,,,,,,,,,,,,,,,,,,,,,,,,,,,,,,,,1,,,,,,0,,,,
391305,2024-02,2024-02-29 00:00:00,2024,2,1,KCO,Pellet,KCO,5,3,50444,30257,19266,29,3,1,3,"3,33","3,00","1,00","0,6000",3,"30239,00",,,"1,67","1,67",2,"1,67","19265,91","19265,91",5,5,,,"50444,15","50444,15",,,3,3,,,"30256,59","30256,59",,,3,"19265,91","87,0","87,0",1,"22,3","22,3",1,1,,0,6,"38532,00","1,0000","2,00"
391305,2024-03,2024-03-31 00:00:00,2024,3,1,KCO,Pellet,KCO,28,14,283147,138838,86855,31,3,1,3,"17,00","2,47","1,03","0,0909",20,"202051,50",,,"2,00","2,04",2,"1,97","106120,99","106120,99",33,33,,,"333591,15","333591,15",,,17,17,,,"169094,83","169094,83",,,6,"37254,42","32,8","32,6",2,"29,2","40,4",1,3,,0,17,"104838,00","0,2070","1,21"
391305,2024-04,2024-04-30 00:00:00,2024,4,2,KCO,Pellet,KCO,38,19,382661,190255,123386,30,3,1,2,"14,33","1,58","1,01","-0,0704",34,"342525,40",,,"2,00","2,01",2,"1,99","229506,66","229506,66",71,71,,,"716251,95","716251,95",,,36,36,,,"359350,09","359350,09",,,1,"6628,57","2,5","2,6",2,"43,0","49,6",2,4,,0,14,"92765,00","-0,2482","0,75"
391305,2024-05,2024-05-31 00:00:00,2024,5,2,KCO,Pellet,KCO,93,38,930811,379826,201532,31,3,1,2,"40,00","1,61","1,09","-0,0063",87,"869783,60",,,"2,45","2,45",2,"2,25","411773,05","431038,96",159,164,,,"1596619,20","1647063,35",,,71,74,,,"708919,79","739176,38",,,,,,,2,"36,9","51,1",2,7,,0,39,"205509,00","0,0197","1,02"
391305,2024-06,2024-06-30 00:00:00,2024,6,2,KCO,Pellet,KCO,94,18,960807,179986,92021,30,3,1,1,"19,00","0,72","1,74","0,0400",94,"960806,55",,,"5,22","5,34",3,"3,03","416939,16","523060,15",225,258,,,"2274278,75","2607869,90",,,75,92,,,"750067,72","919162,55",,,9,"46032,39","10,8","9,9",2,"36,9","50,8",2,9,,0,27,"138063,00","0,5003","1,50"
391305,2024-07,2024-07-31 00:00:00,2024,7,3,KCO,Pellet,KCO,65,74,679538,736551,378971,31,3,1,1,"-19,00","1,71","0,45","-0,0317",65,"679538,40",,,"0,88","0,92",2,"1,98","672524,88","902031,54",252,323,,,"2571156,35","3287408,30",,,130,166,,,"1296363,93","1655714,02",,,1,"5081,78","0,7","0,7",2,"37,8","51,7",2,14,,1,66,"338025,00","-0,1080","0,89"
391305,2024-08,2024-08-31 00:00:00,2024,8,3,KCO,Pellet,KCO,82,111,842095,1134644,665723,31,3,1,1,"1,67","1,64","0,62","0,0249",82,"842095,20",,,"0,74","0,74",1,"1,21","1136715,42","1548488,47",241,400,,,"2482440,15","4079059,35",,,203,274,,,"2051181,79","2760101,58",,,7,"41642,18","3,2","3,4",2,"39,0","53,0",2,19,"0,0500",1,118,"708260,00","0,0639","1,06"
391305,2024-09,2024-09-30 00:00:00,2024,9,3,KCO,Pellet,KCO,59,78,607747,800578,469028,30,3,1,1,"-9,67","0,89","0,97","0,1650",58,"597552,00",,,"0,76","0,76",1,"0,80","1513722,57","1930661,73",206,431,,,"2129380,80","4403659,55",,,263,338,,,"2671773,48","3421841,20",,,41,"243768,60","14,0","14,5",2,"39,0","56,0",2,21,"0,0455",1,112,"671169,00","0,4310","1,43"
391305,2024-10,2024-10-31 00:00:00,2024,10,4,KCO,Pellet,KCO,24,78,246384,797464,495073,31,3,1,0,"-31,00","0,88","0,50","-0,0667",22,"226418,40",,,"0,31","0,31",1,"0,62","1629824,35","2302349,22",165,417,,,"1696226,40","4267382,75",,,267,397,,,"2732685,71","4029049,64",,,30,"183238,73","10,4","10,5",2,"38,2","57,4",2,25,"0,0385",1,68,"441371,00","-0,1085","0,89"
391305,2024-11,2024-11-30 00:00:00,2024,11,4,KCO,Pellet,KCO,20,64,211409,655588,392731,30,3,1,1,"-14,33","0,87","0,67","-0,0485",17,"179265,60",,,"0,31","0,32",0,"0,47","1356832,59","2493548,01",103,344,,,"1065540,00","3547980,15",,,220,423,,,"2253629,43","4304811,22",,,25,"148201,90","10,2","9,8",2,"38,6","59,5",2,26,"0,0370",1,59,"357690,00","-0,0892","0,91"
391305,2024-12,2024-12-31 00:00:00,2024,12,4,KCO,Pellet,KCO,12,25,123050,254548,148044,31,3,1,1,"-6,67","0,45","1,43","0,5357",2,"20390,40",,,"0,48","0,48",0,"0,34","1035848,22","2549570,79",56,262,,,"580843,20","2710224,00",,,167,430,,,"1707599,39","4379372,87",,,55,"325652,16","30,6","29,2",2,"41,1","60,0",2,26,"0,0370",1,55,"325481,00","1,1985","2,20"
391305,2025-01,2025-01-31 00:00:00,2025,1,1,KCO,Pellet,KCO,23,25,240154,256756,147973,31,3,1,1,"4,67","0,66","1,91","-0,3091",18,"187336,80",,,"0,92","0,94",0,"0,49","688747,87","2318572,22",55,220,,,"574612,80","2270839,20",,,114,381,,,"1166891,61","3899577,32",,,38,"219749,05","31,0","29,7",2,"43,2","60,0",2,27,"0,0357",1,7,"42069,00","-0,7157","0,28"
391305,2025-02,2025-02-28 00:00:00,2025,2,1,KCO,Pellet,KCO,41,42,425933,430735,238315,28,3,1,2,"15,67","1,37","1,18","-0,4605",29,"302174,40",,,"0,98","0,99",1,"0,84","534331,36","1891163,95",76,179,5,"7,2000","789136,80","1854676,80","50444,15","7,4437",92,312,3,"13,0000","942038,75","3195668,18","30256,59","13,2361",3,"16675,10","2,7","2,6",2,"43,2","60,0",2,27,"0,0357",1,8,"46590,00","-0,8045","0,20"
391305,2025-03,2025-03-31 00:00:00,2025,3,1,KCO,Pellet,KCO,158,62,1639715,643820,378301,31,3,1,2,"84,00","1,44","1,48","0,0766",126,"1304547,60",,,"2,55","2,55",2,"1,73","764588,10","1800436,32",222,278,28,"4,6429","2305801,20","2886644,40","283147,00","4,7910",129,296,14,"3,4286","1331311,01","3038910,40","138838,24","3,6372",20,"120975,29","14,4","14,7",2,"43,2","60,0",2,29,"0,0333",1,79,"482800,00","0,2762","1,28"
391305,2025-04,2025-04-30 00:00:00,2025,4,2,KCO,Pellet,KCO,102,90,1063254,923549,570443,30,3,1,1,"1,67","1,39","0,73","0,0066",86,"896484,78",,,"1,13","1,15",2,"1,57","1187058,17","1875806,04",301,356,38,"1,6842","3128901,78","3703514,58","382660,80","1,7786",194,308,19,"3,7368","1998104,28","3164995,89","190255,26","3,8543",22,"140659,01","10,2","10,7",1,"37,8","60,0",2,34,"0,0286",1,92,"590120,00","0,0345","1,03"
391305,2025-05,2025-05-31 00:00:00,2025,5,2,KCO,Pellet,KCO,64,107,684998,1097534,698960,31,3,1,1,"-44,00","1,24","0,48","0,0525",52,"558136,98",,,"0,60","0,62",1,"1,27","1647703,44","2182034,80",324,400,93,"-0,3118","3387966,54","4177103,34","930811,40","-0,2641",259,351,38,"1,8158","2664903,69","3606942,44","379826,29","1,8896",39,"261388,64","14,0","14,8",2,"37,3","60,0",2,36,"0,0270",1,126,"832950,00","0,1917","1,19"
391305,2025-06,2025-06-30 00:00:00,2025,6,2,KCO,Pellet,KCO,114,143,1168488,1482867,955008,30,3,1,1,"20,67","1,26","0,97","-0,0893",98,"998616,36",,,"0,80","0,79",1,"0,83","2224410,56","2988998,66",280,502,94,"0,2128","2916739,68","5222540,88","960806,55","0,2162",340,469,18,"6,9444","3503951,05","4835262,06","179986,17","7,2388",14,"92619,36","3,7","3,7",1,"37,3","60,0",2,40,"0,0244",1,118,"786253,00","-0,1767","0,82"
391305,2025-07,2025-07-31 00:00:00,2025,7,3,KCO,Pellet,KCO,138,126,1421848,1299998,801492,31,3,1,1,"32,67","1,01","1,30","0,3418",103,"1050069,18",,,"1,10","1,09",1,"0,84","2455459,62","3642517,79",316,617,65,"1,1231","3275333,88","6404235,66","679538,40","1,0924",376,570,74,"0,7027","3880400,29","5878504,57","736551,47","0,7650",122,"771827,81","30,2","29,2",1,"34,0","60,0",2,40,"0,0244",1,234,"1487048,00","0,8553","1,86"
391305,2025-08,2025-08-31 00:00:00,2025,8,3,KCO,Pellet,KCO,121,104,1254904,1052944,656272,31,3,1,1,"-3,33","0,84","1,16","0,0751",103,"1060552,20",,,"1,16","1,19",1,"1,00","2412771,85","4060475,30",373,697,82,"0,4756","3845239,92","7233206,46","842095,20","0,4902",373,632,111,"-0,0631","3835809,68","6500713,37","1134644,15","-0,0720",150,"901754,82","37,4","34,8",1,"31,1","60,0",2,43,,1,133,"792303,00","0,2073","1,21"
391305,2025-09,2025-09-30 00:00:00,2025,9,3,KCO,Pellet,KCO,84,116,881086,1176984,675629,30,3,1,1,"-30,33","1,01","0,73","0,0641",57,"590637,80",,,"0,72","0,75",1,"1,01","2133392,65","4357803,21",343,623,59,"0,4237","3557837,96","6474577,64","607747,20","0,4498",346,686,78,"0,4872","3529926,35","7033877,40","800577,86","0,4702",172,"1070205,67","44,7","45,1",2,"31,1","60,0",2,47,,1,138,"841264,00","0,2452","1,25"
391305,2025-10,2025-10-31 00:00:00,2025,10,4,KCO,Pellet,KCO,82,114,869755,1200445,711487,31,3,1,1,"-13,67","1,02","0,84","0,1429",39,"412482,78",,,"0,72","0,72",1,"0,88","2043387,28","4498846,90",287,603,24,"2,4167","3005744,90","6281078,78","246384,00","2,5301",334,710,78,"0,4615","3430373,37","7310773,66","797463,70","0,5053",213,"1344772,67","59,3","61,2",2,"31,9","60,0",2,49,,1,159,"1004644,00","0,4120","1,41"
391305,2025-11,2025-11-30 00:00:00,2025,11,4,KCO,Pellet,KCO,42,63,446454,657957,403624,30,3,1,1,"-27,33","0,65","0,94","-0,0288",26,"276145,20",,,"0,67","0,68",1,"0,72","1790738,83","4203510,69",208,581,20,"1,1000","2197295,48","6042535,40","211408,80","1,1118",293,666,64,"-0,0156","3035386,75","6871196,43","655587,87","0,0036",207,"1319274,91","63,6","66,3",2,"31,5","60,0",2,48,,1,58,"384556,00","-0,0472","0,95"
391305,2025-12,2025-12-31 00:00:00,2025,12,4,KCO,Pellet,KCO,39,46,402030,471220,295610,31,3,1,1,"-15,33","0,62","1,16","-0,2883",11,"113184,54",,,"0,85","0,85",1,"0,74","1410719,77","3544112,42",163,506,12,"2,2500","1718239,42","5276077,38","123050,40","2,2672",223,569,25,"0,8400","2329623,09","5859549,44","254547,82","0,8512",160,"1017239,05","66,7","67,1",1,"31,5","60,0",2,48,,1,,,"-1,0000",
391305,2026-01,2026-01-31 00:00:00,2026,1,1,KCO,Pellet,KCO,79,47,816090,483707,299026,31,3,1,1,"25,67","0,90","1,64","-0,2938",70,"720007,58",,,"1,68","1,69",1,"1,03","998259,32","3041646,60",160,447,23,"2,4348","1664573,88","4670318,78","240153,60","2,3982",156,490,25,"0,8800","1612885,00","5043258,37","256755,92","0,8839",113,"718212,93","67,4","66,9",1,"31,1","60,0",2,47,,1,,,"-1,0000",
391305,2026-02,2026-02-28 00:00:00,2026,2,1,KCO,Pellet,KCO,99,65,1044060,678366,411199,28,3,1,1,"26,67","1,23","1,11","-0,3272",84,"884815,30",76,"9,50","1,52","1,54",1,"1,39","1005834,45","2796573,28",217,425,41,"1,4146","2262179,98","4459475,46","425932,80","1,4512",158,451,42,"0,5476","1633293,97","4668680,72","430735,01","0,5749",42,"269129,95","22,3","22,5",1,"29,3","60,0",1,45,,1,,,"-1,0000",
391305,2026-03,2026-03-31 00:00:00,2026,3,1,KCO,Pellet,KCO,28,78,304831,817659,461675,31,3,1,0,"-40,67","1,23","0,33","-0,1699",4,"42573,60",-7,"-0,64","0,36","0,37",1,"1,09","1171900,05","2582619,82",206,369,158,"-0,8228","2164981,28","3883220,70","1639714,80","-0,8141",190,413,62,"0,2581","1979732,52","4309355,61","643820,08","0,2700",7,"44931,38","3,4","3,6",2,"31,1","60,0",2,45,,1,48,"322320,00","-0,3018","0,70"
568859,2021-01,2021-01-31 00:00:00,2021,1,1,KCO,Pellet,KCO,,,,,,31,1,0,,,,,,,,,,,,,,,,,,,,,,,,,,,,,,,,,,,,1,,,,,,0,,,,
568859,2021-02,2021-02-28 00:00:00,2021,2,1,KCO,Pellet,KCO,,,,,,28,2,0,,,,,,,,,,,,,,,,,,,,,,,,,,,,,,,,,,,,1,,,,,,0,,,,
568859,2021-03,2021-03-31 00:00:00,2021,3,1,KCO,Pellet,KCO,,,,,,31,3,1,,,,,,,,,,,,,,,,,,,,,,,,,,,,,,,,,,,,1,,,,,,0,,,,
568859,2021-04,2021-04-30 00:00:00,2021,4,2,KCO,Pellet,KCO,,,,,,30,3,1,,,,,,,,,,,,,,,,,,,,,,,,,,,,,,,,,,,,1,,,,,,0,,,,
568859,2021-05,2021-05-31 00:00:00,2021,5,2,KCO,Pellet,KCO,,,,,,31,3,1,,,,,,,,,,,,,,,,,,,,,,,,,,,,,,,,,,,,1,,,,,,0,,,,
568859,2021-06,2021-06-30 00:00:00,2021,6,2,KCO,Pellet,KCO,,,,,,30,3,1,,,,,,,,,,,,,,,,,,,,,,,,,,,,,,,,,,,,1,,,,,,0,,,,
568859,2021-07,2021-07-31 00:00:00,2021,7,3,KCO,Pellet,KCO,,,,,,31,3,1,,,,,,,,,,,,,,,,,,,,,,,,,,,,,,,,,,,,1,,,,,,0,,,,
568859,2021-08,2021-08-31 00:00:00,2021,8,3,KCO,Pellet,KCO,,,,,,31,3,1,,,,,,,,,,,,,,,,,,,,,,,,,,,,,,,,,,,,1,,,,,,0,,,,
568859,2021-09,2021-09-30 00:00:00,2021,9,3,KCO,Pellet,KCO,,,,,,30,3,1,,,,,,,,,,,,,,,,,,,,,,,,,,,,,,,,,,,,1,,,,,,0,,,,
568859,2021-10,2021-10-31 00:00:00,2021,10,4,KCO,Pellet,KCO,,,,,,31,3,1,,,,,,,,,,,,,,,,,,,,,,,,,,,,,,,,,,,,1,,,,,,0,,,,
568859,2021-11,2021-11-30 00:00:00,2021,11,4,KCO,Pellet,KCO,,,,,,30,3,1,,,,,,,,,,,,,,,,,,,,,,,,,,,,,,,,,,,,1,,,,,,0,,,,
568859,2021-12,2021-12-31 00:00:00,2021,12,4,KCO,Pellet,KCO,,,,,,31,3,1,,,,,,,,,,,,,,,,,,,,,,,,,,,,,,,,,,,,1,,,,,,0,,,,
568859,2022-01,2022-01-31 00:00:00,2022,1,1,KCO,Pellet,KCO,,,,,,31,3,1,,,,,,,,,,,,,,,,,,,,,,,,,,,,,,,,,,,,1,,,,,,0,,,,
568859,2022-02,2022-02-28 00:00:00,2022,2,1,KCO,Pellet,KCO,,,,,,28,3,1,,,,,,,,,,,,,,,,,,,,,,,,,,,,,,,,,,,,1,"0,0","0,0",1,1,,0,1,"4586,00",,
568859,2022-03,2022-03-31 00:00:00,2022,3,1,KCO,Pellet,KCO,,,,,,31,3,1,,,,,,,,,,,,,,,,,,,,,,,,,,,,,,,,,,,,1,"0,0","0,0",1,1,,0,,,,
568859,2022-04,2022-04-30 00:00:00,2022,4,2,KCO,Pellet,KCO,,,,,,30,3,1,,,,,,,,,,,,,,,,,,,,,,,,,,,,,,,,,,,,1,"0,0","0,0",1,1,,0,,,,
568859,2022-05,2022-05-31 00:00:00,2022,5,2,KCO,Pellet,KCO,3,,29106,,,31,3,1,3,"2,00",,,,3,"29105,70",,,,,,,,,3,3,,,"29105,70","29105,70",,,,,,,,,,,,,,,1,"0,0","0,0",1,1,,0,,,,
568859,2022-06,2022-06-30 00:00:00,2022,6,2,KCO,Pellet,KCO,23,7,245055,76402,37406,30,3,1,3,"14,33","3,00","0,88",,23,"245054,56",,,"3,29","3,21",4,"3,59","37406,11","37406,11",26,26,,,"274160,26","274160,26",,,7,7,,,"76402,48","76402,48",,,,,,,2,"30,0","54,0",2,2,,0,7,"37408,00","0,0001","1,00"
568859,2022-07,2022-07-31 00:00:00,2022,7,3,KCO,Pellet,KCO,13,30,131363,303921,166862,31,3,1,1,"0,00","2,43","0,41","0,2821",3,"31143,10",,,"0,43","0,43",1,"1,07","204267,72","204267,72",39,39,,,"405522,89","405522,89",,,37,37,,,"380323,88","380323,88",,,11,"61409,43","27,6","28,0",2,"34,9","58,5",2,4,,0,40,"223695,00","0,3406","1,34"
568859,2022-08,2022-08-31 00:00:00,2022,8,3,KCO,Pellet,KCO,13,1,131994,9773,5587,31,3,1,1,"-3,33","0,08","7,76","1,0816",12,"121952,94",,,"10,00","13,51",1,"1,30","209854,32","209854,32",49,52,,,"508411,60","537517,30",,,38,38,,,"390096,70","390096,70",,,64,"371308,58","156,6","164,6",2,"41,3","60,0",2,6,,0,66,"382436,00","67,4559","68,46"
568859,2022-09,2022-09-30 00:00:00,2022,9,3,KCO,Pellet,KCO,4,7,43046,73315,40494,30,3,1,0,"-6,00","0,55","0,72","0,6667",,,,,"0,57","0,59",1,"0,79","212941,91","250348,02",30,56,,,"306402,57","580562,83",,,38,45,,,"387009,69","463412,17",,,84,"483072,45","198,9","204,2",2,"51,4","60,0",2,6,,0,26,"146994,00","2,6300","3,63"
568859,2022-10,2022-10-31 00:00:00,2022,10,4,KCO,Pellet,KCO,3,5,32292,51211,29066,31,3,1,0,"-3,67","1,15","0,39","-0,2500",1,"10187,00",,,"0,60","0,63",2,"1,54","75145,95","279413,67",20,59,,,"207331,82","612854,71",,,13,50,,,"134298,87","514622,75",,,79,"454006,80","565,2","561,9",1,"51,4","60,0",2,6,,0,,,"-1,0000",
568859,2022-11,2022-11-30 00:00:00,2022,11,4,KCO,Pellet,KCO,2,2,23035,23035,11626,30,3,1,1,"-1,00","0,43","1,56","-0,2222",1,"11554,07",,,"1,00","1,00",1,"0,67","81185,61","291039,93",9,58,,,"98372,78","606784,38",,,14,52,,,"147561,42","537658,12",,,77,"442380,54","495,0","490,4",1,"51,4","60,0",2,6,,0,,,"-1,0000",
568859,2022-12,2022-12-31 00:00:00,2022,12,4,KCO,Pellet,KCO,,,,,,31,3,1,,,,,"0,0000",,,,,,,1,"0,75","40691,91","253633,82",5,35,,,"55327,25","361729,82",,,7,45,,,"74245,95","461255,64",,,77,"442380,54","1023,0","1011,0",1,"51,4","60,0",2,6,,0,,,,
568859,2023-01,2023-01-31 00:00:00,2023,1,1,KCO,Pellet,KCO,4,4,34475,34222,23110,31,3,1,2,"2,00","2,00","1,00","-0,6667",1,"7858,54",,,"1,00","1,01",1,"1,00","34736,60","109882,55",6,26,,,"57510,17","264841,99",,,6,19,,,"57257,06","191555,93",,,73,"419270,20","1131,5","1122,5",1,"51,4","60,0",2,6,,0,,,"-1,0000",
568859,2023-02,2023-02-28 00:00:00,2023,2,1,KCO,Pellet,KCO,9,11,76992,91879,63910,28,3,1,2,"4,67","2,20","0,94","-0,9231",2,"16008,14",,,"0,82","0,84",1,"0,88","87020,09","168205,70",13,22,,,"111466,63","209839,41",,,15,29,,,"126100,36","273661,78",,,61,"349582,00","341,6","337,4",1,"51,9","60,0",2,5,,0,,,"-1,0000",
568859,2023-03,2023-03-31 00:00:00,2023,3,1,KCO,Pellet,KCO,19,20,155925,171996,115974,31,3,1,2,"8,33","1,71","1,04","-0,5938",6,"41395,58",,,"0,95","0,91",1,"0,90","202993,69","243685,60",32,37,,,"267391,31","322718,56",,,35,42,,,"298096,32","372342,27",,,42,"215931,46","111,6","98,9",1,"51,9","60,0",2,5,,0,,,"-1,0000",
568859,2023-04,2023-04-30 00:00:00,2023,4,2,KCO,Pellet,KCO,15,18,136998,155255,102321,30,3,1,1,"0,67","1,10","0,95","-0,4186",1,"10200,65",,,"0,83","0,88",1,"0,88","282203,89","316940,49",43,49,,,"369914,42","427424,59",,,49,55,,,"419129,20","476386,26",,,24,"114752,74","44,1","36,6",2,"55,9","60,0",2,6,,0,1,"6833,00","-0,9332","0,07"
568859,2023-05,2023-05-31 00:00:00,2023,5,2,KCO,Pellet,KCO,43,38,360307,320060,204368,31,3,1,2,"17,33","1,50","1,12","-0,2078",17,"137800,00",,,"1,13","1,13",1,"1,01","422662,22","509682,31",77,90,3,"13,3333","653229,80","764696,43","29105,70","11,3793",76,91,,,"647310,82","773411,18",,,8,"44649,63","9,8","9,8",2,"60,0","60,0",2,6,"0,1429",0,12,"78059,00","-0,6180","0,38"
568859,2023-06,2023-06-30 00:00:00,2023,6,2,KCO,Pellet,KCO,21,19,174870,157077,123984,30,3,1,1,"-5,33","0,76","1,05","0,0253",12,"98258,10",,,"1,11","1,11",1,"1,06","430672,85","633666,54",79,111,23,"-0,0870","672175,00","939566,31","245054,56","-0,2864",75,110,7,"1,7143","632392,00","930488,32","76402,48","1,0559",10,"57572,23","12,0","12,0",1,"60,0","60,0",2,8,,0,21,"136903,00","0,1042","1,10"
568859,2023-07,2023-07-31 00:00:00,2023,7,3,KCO,Pellet,KCO,44,35,364154,283367,212667,31,3,1,1,"8,00","1,14","1,07","0,0093",22,"180500,71",,,"1,26","1,29",1,"1,18","541018,99","823222,88",108,151,13,"2,3846","899330,66","1269245,08","131362,63","1,7721",92,141,30,"0,1667","760504,85","1179634,05","303921,40","-0,0676",11,"62975,58","11,1","10,8",2,"48,1","60,0",2,8,,0,36,"218070,00","0,0254","1,03"
568859,2023-08,2023-08-31 00:00:00,2023,8,3,KCO,Pellet,KCO,58,65,473186,532848,544894,31,3,1,1,"17,00","1,64","0,86","0,0569",26,"208726,12",,,"0,89","0,89",1,"1,04","881544,50","1304206,72",123,200,13,"3,4615","1012209,34","1665439,14","131994,41","2,5849",119,195,1,"64,0000","973292,64","1620603,46","9772,82","53,5235",18,"143099,16","14,1","15,1",2,"41,9","60,0",2,9,,0,74,"642239,00","0,1787","1,18"
568859,2023-09,2023-09-30 00:00:00,2023,9,3,KCO,Pellet,KCO,46,53,372453,426970,331874,30,3,1,1,"-3,33","1,04","0,90","0,0270",15,"118963,00",,,"0,87","0,87",1,"0,97","1089433,93","1520106,78",148,227,4,"10,5000","1209792,46","1881967,46","43045,53","7,6525",153,228,7,"6,5714","1243185,89","1875577,89","73315,47","4,8237",22,"119011,36","12,9","9,8",1,"34,6","60,0",2,14,,1,58,"311734,00","-0,0607","0,94"
568859,2023-10,2023-10-31 00:00:00,2023,10,4,KCO,Pellet,KCO,40,45,326348,364758,288571,31,3,1,1,"-8,00","0,83","1,01","-0,0903",13,"101866,00",,,"0,89","0,89",1,"0,88","1165338,10","1706357,09",144,252,3,"12,3333","1171986,89","2071317,55","32291,88","9,1062",163,255,5,"8,0000","1324576,35","2085081,20","51210,58","6,1227",9,"59161,42","5,1","4,7",2,"42,0","60,0",2,15,,1,31,"220080,00","-0,2373","0,76"
568859,2023-11,2023-11-30 00:00:00,2023,11,4,KCO,Pellet,KCO,29,28,235223,227419,220243,30,3,1,1,"-9,33","0,67","1,13","0,2174",1,"7420,00",,,"1,04","1,03",1,"0,92","840687,56","1722232,06",115,238,2,"13,5000","934024,00","1946233,34","23035,37","9,2114",126,245,2,"13,0000","1019146,85","1992439,49","23035,37","8,8726",34,"258341,22","24,3","27,7",2,"51,0","60,0",2,16,,1,54,"426537,00","0,9367","1,94"
568859,2023-12,2023-12-31 00:00:00,2023,12,4,KCO,Pellet,KCO,31,29,241848,226470,256385,31,3,1,1,"-2,33","0,85","1,09","0,0300",13,"99640,00",,,"1,07","1,07",1,"0,98","765198,55","1854632,48",100,248,,,"803419,00","2013211,46",,,102,255,,,"818645,98","2061831,87",,,37,"397948,14","33,7","48,4",2,"60,0","60,0",2,17,,1,34,"413657,00","0,6134","1,61"
568859,2024-01,2024-01-31 00:00:00,2024,1,1,KCO,Pellet,KCO,21,20,173124,162866,225674,31,3,1,1,"-6,00","0,78","1,00","-0,1852",5,"40068,00",,,"1,05","1,06",1,"1,05","702301,76","1867639,86",81,225,4,"4,2500","650195,00","1822181,89","34474,80","4,0218",77,240,4,"4,0000","616754,25","1941330,60","34221,69","3,7591",22,"208368,84","26,6","27,6",2,"60,0","60,0",2,17,,1,5,"46295,00","-0,7949","0,21"
568859,2024-02,2024-02-29 00:00:00,2024,2,1,KCO,Pellet,KCO,63,50,494750,392529,409752,29,3,1,2,"24,67","1,52","1,08","-0,0522",31,"237725,95",,,"1,26","1,26",1,"1,16","891810,85","1732498,41",115,230,9,"6,0000","909721,95","1843745,95","76991,83","5,4260",99,225,11,"3,5455","781864,98","1801011,83","91878,67","3,2723",16,"115384,21","14,1","11,3",2,"42,0","60,0",2,19,,1,44,"326758,00","-0,2025","0,80"
568859,2024-03,2024-03-31 00:00:00,2024,3,1,KCO,Pellet,KCO,116,69,923537,531461,421317,31,3,1,2,"49,33","1,49","1,17","-0,0400",76,"607237,37",,,"1,68","1,74",1,"1,46","1056743,47","1821942,02",200,300,19,"5,1053","1591411,32","2394830,32","155924,68","4,9230",139,241,20,"2,4500","1086856,23","1905502,21","171995,96","2,0900",8,"51907,39","5,4","4,6",2,"46,1","60,0",2,21,,1,62,"365243,00","-0,1331","0,87"
568859,2024-04,2024-04-30 00:00:00,2024,4,2,KCO,Pellet,KCO,198,84,1532465,650689,454591,30,3,1,2,"72,33","1,24","1,27","0,0000",184,"1422481,00",,,"2,36","2,36",2,"1,87","1285660,29","1987962,05",377,458,15,"12,2000","2950752,32","3600947,32","136997,91","10,1860",203,280,18,"3,6667","1574678,72","2191432,97","155254,57","3,1911",8,"48537,84","3,5","3,4",2,"42,0","60,0",2,25,,1,84,"462076,00","0,0165","1,02"
568859,2024-05,2024-05-31 00:00:00,2024,5,2,KCO,Pellet,KCO,415,113,3197497,864612,683435,31,3,1,2,"172,00","1,27","1,34","-0,0041",415,"3197497,48",,,"3,67","3,70",3,"2,76","1559342,94","2451153,79",729,844,43,"8,6512","5653499,85","6563221,80","360307,21","7,8744",266,365,38,"1,9737","2046761,64","2828626,62","320060,29","1,7014",5,"33327,86","1,7","2,0",2,"46,0","60,0",2,27,,1,122,"746322,00","0,0920","1,09"
568859,2024-06,2024-06-30 00:00:00,2024,6,2,KCO,Pellet,KCO,250,159,2027180,1234300,939018,30,3,1,1,"-37,67","1,34","0,65","0,0174",246,"1995011,35",,,"1,57","1,64",2,"2,46","2077043,81","3133787,28",863,1063,21,"10,9048","6757142,83","8348554,15","174869,88","10,5925",356,495,19,"7,3684","2749601,36","3836457,59","157077,14","6,8579",20,"124490,47","5,1","5,4",2,"43,8","60,0",2,34,,1,173,"1039362,00","0,1069","1,11"
568859,2024-07,2024-07-31 00:00:00,2024,7,3,KCO,Pellet,KCO,181,281,1515943,2162144,1826454,31,3,1,1,"-101,00","1,52","0,42","0,0272",180,"1508665,06",,,"0,64","0,70",2,"1,58","3448906,92","4734567,21",846,1223,44,"3,1136","6740621,08","9691373,40","364153,57","3,1629",553,756,35,"7,0286","4261057,04","5835735,76","283367,42","6,6302",43,"286901,50","7,2","7,7",2,"41,9","60,0",2,49,,1,319,"2085948,00","0,1421","1,14"
568859,2024-08,2024-08-31 00:00:00,2024,8,3,KCO,Pellet,KCO,165,355,1383367,2877873,1791060,31,3,1,1,"-33,67","1,34","0,62","-0,0453",163,"1367359,00",,,"0,46","0,48",1,"0,79","4556532,41","6115875,35",596,1325,58,"1,8448","4926490,10","10579989,95","473185,89","1,9235",795,1061,65,"4,4615","6274318,04","8321079,68","532848,08","4,4009",16,"85402,31","1,9","1,7",2,"43,4","60,0",2,54,,1,332,"1609777,00","-0,1012","0,90"
568859,2024-09,2024-09-30 00:00:00,2024,9,3,KCO,Pellet,KCO,59,223,524660,1848406,1111405,30,3,1,0,"-76,00","0,78","0,56","-0,0123",48,"424184,40",,,"0,26","0,28",0,"0,50","4728918,96","6805962,77",405,1268,46,"0,2826","3423969,55","10181112,38","372453,00","0,4087",859,1215,53,"3,2075","6888423,46","9638024,82","426970,39","3,3291",11,"61268,05","1,2","1,2",2,"42,0","60,0",2,61,,1,219,"1092141,00","-0,0173","0,98"
568859,2024-10,2024-10-31 00:00:00,2024,10,4,KCO,Pellet,KCO,129,178,1112659,1492623,874179,31,3,1,1,"11,33","0,71","1,55","0,0822",103,"884989,11",,,"0,72","0,75",0,"0,49","3776643,85","7225550,77",353,1199,40,"2,2250","3020685,41","9761306,49","326348,00","2,4094",756,1309,45,"2,9556","6218902,36","10479959,40","364757,88","3,0921",40,"210165,43","4,9","5,2",2,"39,0","60,0",2,75,,1,201,"990621,00","0,1332","1,13"
568859,2024-11,2024-11-30 00:00:00,2024,11,4,KCO,Pellet,KCO,84,153,698849,1253918,759897,30,3,1,1,"-6,67","0,83","1,12","0,0441",52,"419382,80",,,"0,55","0,56",0,"0,51","2745480,67","7302013,09",272,868,29,"1,8966","2336167,71","7262657,81","235223,00","1,9710",554,1349,28,"4,4643","4594947,10","10869265,14","227418,58","4,5137",52,"265306,52","8,4","8,7",2,"40,6","60,0",2,84,"0,0118",1,164,"816689,00","0,0747","1,07"
568859,2024-12,2024-12-31 00:00:00,2024,12,4,KCO,Pellet,KCO,25,18,183910,139746,87758,31,3,1,0,"-54,33","0,15","2,04","0,5546",3,"17309,80",,,"1,39","1,32",1,"0,69","1721833,66","6450752,62",238,643,31,"-0,1935","1995417,91","5419387,46","241848,00","-0,2396",349,1208,29,"-0,3793","2886287,35","9774710,81","226469,52","-0,3829",184,"875064,60","49,0","47,3",2,"41,1","60,0",2,91,"0,0109",1,142,"681353,00","6,7640","7,76"
568859,2025-01,2025-01-31 00:00:00,2025,1,1,KCO,Pellet,KCO,41,40,330755,344042,201023,31,3,1,1,"-9,00","0,57","1,44","-0,1533",25,"187116,46",,,"1,03","0,96",1,"0,70","1048677,32","4825321,17",150,503,21,"0,9524","1213514,26","4234199,67","173124,00","0,9105",211,967,20,"1,0000","1737705,86","7956608,22","162866,15","1,1124",161,"764464,71","71,0","67,8",2,"41,6","60,0",2,90,"0,0110",1,18,"94554,00","-0,5296","0,47"
568859,2025-02,2025-02-28 00:00:00,2025,2,1,KCO,Pellet,KCO,43,39,352910,303047,183565,28,3,1,1,"6,67","1,21","0,98","0,0550",18,"142799,60",,,"1,10","1,16",1,"1,10","472345,38","3217826,05",109,381,63,"-0,3175","867575,66","3203743,37","494749,95","-0,2867",97,651,50,"-0,2200","786835,33","5381782,43","392529,31","-0,2280",167,"817418,27","144,6","145,4",1,"39,9","60,0",2,93,"0,0106",1,44,"234318,00","0,2765","1,28"
568859,2025-03,2025-03-31 00:00:00,2025,3,1,KCO,Pellet,KCO,155,100,1274216,771489,496943,31,3,1,2,"75,33","1,68","1,16","-0,0753",123,"1036610,80",,,"1,55","1,65",1,"1,38","881530,48","2603364,13",239,477,116,"0,3362","1957881,66","3953299,57","923537,37","0,3797",179,528,69,"0,4493","1418577,73","4304865,08","531460,77","0,4516",149,"700920,00","77,4","73,9",1,"38,1","60,0",2,95,"0,0104",1,86,"404942,00","-0,1851","0,81"
568859,2025-04,2025-04-30 00:00:00,2025,4,2,KCO,Pellet,KCO,105,153,921946,1315587,736365,30,3,1,1,"4,00","1,57","0,66","-0,2079",58,"508635,80",,,"0,69","0,70",1,"1,07","1416872,74","2465550,06",303,453,198,"-0,4697","2549072,00","3762586,26","1532465,00","-0,3984",292,503,84,"0,8214","2390123,38","4127829,24","650688,64","1,0218",86,"423823,49","26,5","26,9",2,"37,5","60,0",2,101,"0,0098",1,91,"459218,00","-0,3764","0,62"
568859,2025-05,2025-05-31 00:00:00,2025,5,2,KCO,Pellet,KCO,68,143,581078,1233385,693124,31,3,1,1,"-41,33","1,08","0,57","-0,2439",32,"249174,22",,,"0,48","0,47",1,"0,84","1926431,84","2398777,22",328,437,415,"-0,8361","2777240,09","3644815,75","3197497,48","-0,8183",396,493,113,"0,2655","3320460,85","4107296,18","864612,23","0,4265",6,"35344,00","1,4","1,7",2,"38,2","60,0",2,102,"0,0097",1,59,"294400,00","-0,5753","0,42"
568859,2025-06,2025-06-30 00:00:00,2025,6,2,KCO,Pellet,KCO,88,90,784003,791928,429808,30,3,1,1,"1,00","0,70","1,45","0,0000",47,"408253,00",,,"0,98","0,99",1,"0,68","1859296,86","2740827,34",261,500,250,"-0,6480","2287027,09","4244908,75","2027180,35","-0,6133",386,565,159,"-0,4340","3340900,42","4759478,15","1234300,49","-0,3584",6,"37207,41","1,4","1,8",1,"36,2","60,0",2,104,"0,0095",1,89,"424325,00","-0,0128","0,99"
568859,2025-07,2025-07-31 00:00:00,2025,7,3,KCO,Pellet,KCO,163,157,1436869,1354440,738485,31,3,1,2,"56,67","1,21","1,27","0,7461",89,"762880,00",,,"1,04","1,06",1,"0,83","1861417,44","3278290,18",319,622,181,"-0,0994","2801950,67","5351022,67","1515943,25","-0,0522",390,682,281,"-0,4413","3379752,89","5769876,27","2162144,32","-0,3736",244,"1108964,00","58,2","55,4",2,"36,0","60,0",2,95,"0,0104",1,395,"1810278,00","1,4513","2,45"
568859,2025-08,2025-08-31 00:00:00,2025,8,3,KCO,Pellet,KCO,193,170,1637742,1415198,760346,31,3,1,1,"45,00","1,22","1,07","-0,1261",134,"1099615,54",133,"133,00","1,14","1,16",1,"1,08","1928639,19","3855071,03",444,772,165,"0,1697","3858613,92","6635854,01","1383366,50","0,1839",417,813,355,"-0,5211","3561565,86","6882026,71","2877873,23","-0,5082",188,"874716,64","41,9","42,2",1,"35,7","60,0",2,91,"0,0215",1,113,"521041,00","-0,3147","0,69"
568859,2025-09,2025-09-30 00:00:00,2025,9,3,KCO,Pellet,KCO,132,143,1076826,1198888,666665,30,3,1,1,"-30,67","0,91","0,89","0,0738",100,"788263,00",,,"0,92","0,90",1,"1,05","2165496,51","4024793,37",488,749,59,"1,2373","4151436,42","6438463,51","524659,80","1,0524",470,856,223,"-0,3587","3968525,85","7309426,27","1848405,91","-0,3514",224,"987060,26","42,9","41,0",1,"30,8","60,0",2,98,"0,0200",1,182,"793080,00","0,1896","1,19"
568859,2025-10,2025-10-31 00:00:00,2025,10,4,KCO,Pellet,KCO,192,222,1627427,1824312,975209,31,3,1,1,"19,67","1,24","0,89","0,2553",99,"836770,69",,,"0,86","0,89",1,"0,98","2402219,71","4263637,15",517,836,129,"0,4884","4341993,54","7143944,21","1112659,11","0,4626",535,925,178,"0,2472","4438398,06","7818150,95","1492623,22","0,2222",356,"1627526,09","61,9","63,0",2,"30,8","60,0",2,94,"0,0208",1,357,"1629397,00","0,6708","1,67"
568859,2025-11,2025-11-30 00:00:00,2025,11,4,KCO,Pellet,KCO,46,55,376342,444175,254512,30,3,1,0,"-77,33","0,39","0,95","-0,1351",10,"63878,00",,,"0,84","0,85",1,"0,89","1896385,95","3825025,14",370,814,84,"-0,4524","3080594,31","6939208,23","698848,80","-0,4615",420,837,153,"-0,6405","3467375,24","7028941,10","1253917,97","-0,6458",306,"1399284,62","65,6","66,4",2,"28,1","60,0",1,84,"0,0118",1,2,"10282,00","-0,9596","0,04"
568859,2025-12,2025-12-31 00:00:00,2025,12,4,KCO,Pellet,KCO,43,43,354166,362741,202525,31,3,1,0,"-50,67","0,40","1,14","-0,1459",26,"207164,56",,,"1,00","0,98",1,"0,90","1432245,74","3597742,26",281,769,25,"0,7200","2357934,37","6509370,79","183910,00","0,9258",320,790,18,"1,3889","2631228,42","6599754,27","139746,16","1,5957",265,"1206911,41","77,0","78,4",2,"25,2","60,0",1,73,"0,0135",1,3,"14862,00","-0,9266","0,07"
568859,2026-01,2026-01-31 00:00:00,2026,1,1,KCO,Pellet,KCO,47,36,378255,294701,167297,31,3,1,1,"1,67","0,81","1,29","-0,2647",37,"287005,00",36,"36,00","1,31","1,28",1,"1,01","624333,81","3026553,52",136,653,41,"0,1463","1108762,87","5450756,41","330755,46","0,1436",134,669,40,"-0,1000","1101617,59","5540015,65","344041,73","-0,1434",229,"1034968,63","158,9","154,2",1,"25,0","60,0",1,70,"0,0141",1,,,"-1,0000",
568859,2026-02,2026-02-28 00:00:00,2026,2,1,KCO,Pellet,KCO,93,53,784169,479240,243481,28,3,1,2,"32,00","1,20","1,27","-0,2732",83,"692492,80",77,"12,83","1,75","1,64",1,"1,33","613302,72","2509688,66",183,553,43,"1,1628","1516589,46","4597183,77","352910,20","1,2220",132,552,39,"0,3590","1136682,13","4604057,37","303047,44","0,5814",179,"805292,00","113,9","110,3",2,"25,2","60,0",1,67,"0,0147",1,4,"18398,00","-0,9244","0,08"
568859,2026-03,2026-03-31 00:00:00,2026,3,1,KCO,Pellet,KCO,42,79,364277,642221,397020,31,3,1,1,"-18,67","1,41","0,49","1,4396",5,"25775,22",-5,"-0,50","0,53","0,57",1,"1,08","807797,34","2240043,08",182,463,155,"-0,7290","1526700,97","3884635,34","1274216,00","-0,7141",168,488,100,"-0,2100","1416161,48","4047389,90","771488,56","-0,1676",441,"1987807,50","244,1","228,9",2,"30,7","60,0",2,68,"0,0145",1,338,"1552096,00","2,9094","3,91"
594243,2021-01,2021-01-31 00:00:00,2021,1,1,KCO,DREWNO,KCO,,,,,,31,1,0,,,,,,,,,,,,,,,,,,,,,,,,,,,,,,,,,,,,1,,,,,,0,,,,
594243,2021-02,2021-02-28 00:00:00,2021,2,1,KCO,DREWNO,KCO,,,,,,28,2,0,,,,,,,,,,,,,,,,,,,,,,,,,,,,,,,,,,,,1,,,,,,0,,,,
594243,2021-03,2021-03-31 00:00:00,2021,3,1,KCO,DREWNO,KCO,,,,,,31,3,1,,,,,,,,,,,,,,,,,,,,,,,,,,,,,,,,,,,,1,,,,,,0,,,,
594243,2021-04,2021-04-30 00:00:00,2021,4,2,KCO,DREWNO,KCO,,,,,,30,3,1,,,,,,,,,,,,,,,,,,,,,,,,,,,,,,,,,,,,1,,,,,,0,,,,
594243,2021-05,2021-05-31 00:00:00,2021,5,2,KCO,DREWNO,KCO,,,,,,31,3,1,,,,,,,,,,,,,,,,,,,,,,,,,,,,,,,,,,,,1,,,,,,0,,,,
594243,2021-06,2021-06-30 00:00:00,2021,6,2,KCO,DREWNO,KCO,,,,,,30,3,1,,,,,,,,,,,,,,,,,,,,,,,,,,,,,,,,,,,,1,,,,,,0,,,,
594243,2021-07,2021-07-31 00:00:00,2021,7,3,KCO,DREWNO,KCO,,,,,,31,3,1,,,,,,,,,,,,,,,,,,,,,,,,,,,,,,,,,,,,1,,,,,,0,,,,
594243,2021-08,2021-08-31 00:00:00,2021,8,3,KCO,DREWNO,KCO,,,,,,31,3,1,,,,,,,,,,,,,,,,,,,,,,,,,,,,,,,,,,,,1,,,,,,0,,,,
594243,2021-09,2021-09-30 00:00:00,2021,9,3,KCO,DREWNO,KCO,,,,,,30,3,1,,,,,,,,,,,,,,,,,,,,,,,,,,,,,,,,,,,,1,,,,,,0,,,,
594243,2021-10,2021-10-31 00:00:00,2021,10,4,KCO,DREWNO,KCO,,,,,,31,3,1,,,,,,,,,,,,,,,,,,,,,,,,,,,,,,,,,,,,1,,,,,,0,,,,
594243,2021-11,2021-11-30 00:00:00,2021,11,4,KCO,DREWNO,KCO,,,,,,30,3,1,,,,,,,,,,,,,,,,,,,,,,,,,,,,,,,,,,,,1,,,,,,0,,,,
594243,2021-12,2021-12-31 00:00:00,2021,12,4,KCO,DREWNO,KCO,,,,,,31,3,1,,,,,,,,,,,,,,,,,,,,,,,,,,,,,,,,,,,,1,,,,,,0,,,,
594243,2022-01,2022-01-31 00:00:00,2022,1,1,KCO,DREWNO,KCO,,,,,,31,3,1,,,,,,,,,,,,,,,,,,,,,,,,,,,,,,,,,,,,1,,,,,,0,,,,
594243,2022-02,2022-02-28 00:00:00,2022,2,1,KCO,DREWNO,KCO,,,,,,28,3,1,,,,,,,,,,,,,,,,,,,,,,,,,,,,,,,,,,,,1,,,,,,0,,,,
594243,2022-03,2022-03-31 00:00:00,2022,3,1,KCO,DREWNO,KCO,,,,,,31,3,1,,,,,,,,,,,,,,,,,,,,,,,,,,,,,,,,,,,,1,,,,,,0,,,,
594243,2022-04,2022-04-30 00:00:00,2022,4,2,KCO,DREWNO,KCO,,,,,,30,3,1,,,,,,,,,,,,,,,,,,,,,,,,,,,,,,,,,,,,1,,,,,,0,,,,
594243,2022-05,2022-05-31 00:00:00,2022,5,2,KCO,DREWNO,KCO,,,,,,31,3,1,,,,,,,,,,,,,,,,,,,,,,,,,,,,,,,,,,,,1,,,,,,0,,,,
594243,2022-06,2022-06-30 00:00:00,2022,6,2,KCO,DREWNO,KCO,,,,,,30,3,1,,,,,,,,,,,,,,,,,,,,,,,,,,,,,,,,,,,,1,,,,,,0,,,,
594243,2022-07,2022-07-31 00:00:00,2022,7,3,KCO,DREWNO,KCO,,,,,,31,3,1,,,,,,,,,,,,,,,,,,,,,,,,,,,,,,,,,,,,1,,,,,,0,,,,
594243,2022-08,2022-08-31 00:00:00,2022,8,3,KCO,DREWNO,KCO,,,,,,31,3,1,,,,,,,,,,,,,,,,,,,,,,,,,,,,,,,,,,,,1,,,,,,0,,,,
594243,2022-09,2022-09-30 00:00:00,2022,9,3,KCO,DREWNO,KCO,,,,,,30,3,1,,,,,,,,,,,,,,,,,,,,,,,,,,,,,,,,,,,,1,,,,,,0,,,,
594243,2022-10,2022-10-31 00:00:00,2022,10,4,KCO,DREWNO,KCO,,,,,,31,3,1,,,,,,,,,,,,,,,,,,,,,,,,,,,,,,,,,,,,1,,,,,,0,,,,
594243,2022-11,2022-11-30 00:00:00,2022,11,4,KCO,DREWNO,KCO,,,,,,30,3,1,,,,,,,,,,,,,,,,,,,,,,,,,,,,,,,,,,,,1,,,,,,0,,,,
594243,2022-12,2022-12-31 00:00:00,2022,12,4,KCO,DREWNO,KCO,,,,,,31,3,1,,,,,,,,,,,,,,,,,,,,,,,,,,,,,,,,,,,,1,,,,,,0,,,,
594243,2023-01,2023-01-31 00:00:00,2023,1,1,KCO,DREWNO,KCO,,,,,,31,3,1,,,,,,,,,,,,,,,,,,,,,,,,,,,,,,,,,,,,1,,,,,,0,,,,
594243,2023-02,2023-02-28 00:00:00,2023,2,1,KCO,DREWNO,KCO,,,,,,28,3,1,,,,,,,,,,,,,,,,,,,,,,,,,,,,,,,,,,,,1,,,,,,0,,,,
594243,2023-03,2023-03-31 00:00:00,2023,3,1,KCO,DREWNO,KCO,,,,,,31,3,1,,,,,,,,,,,,,,,,,,,,,,,,,,,,,,,,,,,,1,,,,,,0,,,,
594243,2023-04,2023-04-30 00:00:00,2023,4,2,KCO,DREWNO,KCO,3,3,18600,18600,12104,30,3,1,3,"2,00","3,00","1,00",,2,"12400,00",,,"1,00","1,00",1,"1,00","12103,65","12103,65",3,3,,,"18600,00","18600,00",,,3,3,,,"18600,00","18600,00",,,,,,,2,"31,9","31,9",2,1,,0,3,"12105,00","0,0001","1,00"
594243,2023-05,2023-05-31 00:00:00,2023,5,2,KCO,DREWNO,KCO,11,11,65643,65481,56449,31,3,1,2,"6,33","2,36","1,00","1,0714",3,"17437,50",,,"1,00","1,00",1,"1,00","68552,57","68552,57",14,14,,,"84242,50","84242,50",,,14,14,,,"84081,30","84081,30",,,15,"75030,42","99,6","101,8",2,"58,0","59,6",2,2,,0,26,"131486,00","1,3293","2,33"
594243,2023-06,2023-06-30 00:00:00,2023,6,2,KCO,DREWNO,KCO,11,11,65783,64831,55476,30,3,1,1,"2,67","1,32","1,00","-0,4000",1,"5812,50",,,"1,00","1,01",1,"1,01","124028,80","124028,80",25,25,,,"150025,00","150025,00",,,25,25,,,"148912,72","148912,72",,,5,"23213,00","18,0","16,8",2,"58,0","59,6",2,2,,0,1,"3659,00","-0,9340","0,07"
594243,2023-07,2023-07-31 00:00:00,2023,7,3,KCO,DREWNO,KCO,11,11,66418,66419,44070,31,3,1,1,"0,00","1,00","1,00","0,0303",1,"5425,00",,,"1,00","1,00",1,"1,01","155994,91","168098,56",33,36,,,"197842,50","216442,50",,,33,36,,,"196732,08","215332,08",,,6,"23694,92","16,9","14,1",1,"56,1","59,2",2,3,,0,12,"44556,00","0,0110","1,01"
594243,2023-08,2023-08-31 00:00:00,2023,8,3,KCO,DREWNO,KCO,20,14,113810,79389,60788,31,3,1,1,"6,00","1,17","1,22","-0,1429",14,"77501,00",,,"1,43","1,43",1,"1,17","160333,77","228886,34",42,56,,,"246009,75","330252,25",,,36,50,,,"210640,15","294721,45",,,,,,,2,"56,1","60,0",2,5,,0,8,"37094,00","-0,3898","0,61"
594243,2023-09,2023-09-30 00:00:00,2023,9,3,KCO,DREWNO,KCO,2,7,11393,39913,23505,30,3,1,0,"-9,00","0,66","0,28","0,9697",1,"5425,00",,,"0,29","0,29",1,"1,03","128362,84","252391,64",33,58,,,"191619,75","341644,75",,,32,57,,,"185721,23","334633,95",,,32,"97504,40","90,0","68,4",1,"42,0","60,0",2,6,,0,39,"121018,00","4,1485","5,15"
594243,2023-10,2023-10-31 00:00:00,2023,10,4,KCO,DREWNO,KCO,14,14,81298,80995,45202,31,3,1,1,"2,00","1,20","0,97","0,3333",3,"16972,50",,,"1,00","1,00",1,"1,03","129494,88","285489,79",36,69,,,"206499,75","404342,25",,,35,68,,,"200297,11","397029,19",,,44,"163233,36","116,9","117,2",2,"38,2","60,0",2,7,,0,26,"110922,00","1,4539","2,45"
594243,2023-11,2023-11-30 00:00:00,2023,11,4,KCO,DREWNO,KCO,21,21,118885,118293,65105,30,3,1,2,"8,67","1,50","1,14","0,0811",3,"16585,00",,,"1,00","1,01",1,"0,88","133811,87","294145,64",37,79,,,"211575,00","457584,75",,,42,78,,,"239200,64","449840,79",,,47,"206536,35","100,7","138,9",2,"41,7","60,0",2,8,,0,24,"108408,00","0,6651","1,67"
594243,2023-12,2023-12-31 00:00:00,2023,12,4,KCO,DREWNO,KCO,19,20,106718,111606,85326,31,3,1,1,"1,00","1,09","0,97","-0,3704",2,"11315,00",,,"0,95","0,96",1,"0,99","195632,99","323995,83",54,87,,,"306900,00","498519,75",,,55,87,,,"310894,34","496615,57",,,27,"121209,93","45,7","57,6",1,"41,7","60,0",2,8,,0,,,"-1,0000",
594243,2024-01,2024-01-31 00:00:00,2024,1,1,KCO,DREWNO,KCO,19,17,109094,96039,76317,31,3,1,1,"-0,67","0,88","1,10","0,1186",10,"56859,23",,,"1,12","1,14",1,"1,03","226748,55","356243,43",59,95,,,"334696,73","541196,48",,,58,93,,,"325938,53","526235,64",,,34,"157913,11","54,5","64,8",1,"38,2","60,0",2,9,,0,24,"114600,00","0,5016","1,50"
594243,2024-02,2024-02-29 00:00:00,2024,2,1,KCO,DREWNO,KCO,24,20,136341,113541,91319,29,3,1,1,"3,33","1,05","1,10","0,0645",12,"67675,61",,,"1,20","1,20",1,"1,10","252962,30","386774,17",62,99,,,"352152,34","563727,34",,,57,99,,,"321187,00","560387,64",,,38,"165710,51","58,0","57,0",1,"32,1","60,0",2,10,,1,24,"99120,00","0,0854","1,09"
594243,2024-03,2024-03-31 00:00:00,2024,3,1,KCO,DREWNO,KCO,17,14,97340,79131,66207,31,3,1,1,"-3,00","0,82","1,03","-0,2333",12,"68277,50",,,"1,21","1,23",1,"1,19","233843,31","429476,30",60,114,,,"342774,84","649674,84",,,51,106,,,"288711,86","599606,20",,,24,"99503,08","43,8","39,6",1,"32,1","60,0",2,10,,1,,,"-1,0000",
594243,2024-04,2024-04-30 00:00:00,2024,4,2,KCO,DREWNO,KCO,18,20,102843,113869,76962,30,3,1,1,"-1,67","1,11","0,82","-0,1525",12,"68432,50",,,"0,90","0,90",1,"1,10","234488,43","461236,98",59,118,3,"5,0000","336523,11","671219,84","18600,00","4,5292",54,112,3,"5,6667","306541,48","632480,01","18600,00","5,1220",15,"57639,51","25,0","22,1",1,"29,3","60,0",1,11,,1,12,"38292,00","-0,5025","0,50"
594243,2024-05,2024-05-31 00:00:00,2024,5,2,KCO,DREWNO,KCO,23,16,130239,89671,56910,31,3,1,1,"3,67","0,96","1,24","-0,0517",16,"89783,75",,,"1,44","1,45",1,"1,17","200079,47","453041,77",58,120,11,"1,0909","330421,25","682573,59","65642,50","0,9841",50,107,11,"0,4545","282671,48","603858,48","65481,30","0,3694",12,"49238,40","22,3","22,9",1,"26,1","60,0",1,11,,1,12,"45312,00","-0,2038","0,80"
594243,2024-06,2024-06-30 00:00:00,2024,6,2,KCO,DREWNO,KCO,29,3,165267,16440,11859,30,3,1,1,"5,67","0,23","5,39","-0,0571",29,"165266,70",,,"9,67","10,05",2,"1,81","145731,49","379574,80",70,130,11,"1,6364","398347,95","741122,79","65782,50","1,5123",39,90,11,"-0,7273","219980,34","508692,20","64831,42","-0,7464",8,"33425,80","18,5","20,6",1,"25,2","46,7",1,10,,1,,,"-1,0000",
594243,2024-07,2024-07-31 00:00:00,2024,7,3,KCO,DREWNO,KCO,61,28,353078,161879,111891,31,3,1,2,"23,33","1,79","0,91","0,0177",60,"347325,30",,,"2,18","2,18",2,"2,42","180659,95","415148,38",113,172,11,"4,5455","648583,55","985106,66","66417,50","4,3160",47,101,11,"1,5455","267990,53","574532,01","66419,36","1,4372",10,"39185,20","19,8","20,2",2,"27,7","44,5",1,12,,1,30,"117654,00","0,0515","1,05"
594243,2024-08,2024-08-31 00:00:00,2024,8,3,KCO,DREWNO,KCO,28,40,164949,228080,163840,31,3,1,1,"-11,33","1,69","0,42","-0,0254",28,"164948,60",,,"0,70","0,72",2,"1,68","287590,44","487669,91",118,176,20,"0,4000","683293,40","1013714,65","113809,75","0,4493",71,121,14,"1,8571","406398,76","689070,24","79389,37","1,8729",7,"30004,85","9,2","9,7",2,"28,6","43,1",1,14,,1,38,"158744,00","-0,0311","0,97"
594243,2024-09,2024-09-30 00:00:00,2024,9,3,KCO,DREWNO,KCO,43,44,264229,255969,212250,30,3,1,1,"-1,00","1,18","0,83","0,0000",43,"264229,30",,,"0,98","1,03",1,"1,21","487980,95","633712,44",132,202,2,"20,5000","782256,00","1180603,95","11392,50","22,1933",112,151,7,"5,2857","645927,41","865907,75","39912,50","5,4132",7,"31307,13","5,6","5,8",2,"29,8","45,7",1,14,,1,44,"213537,00","0,0061","1,01"
594243,2024-10,2024-10-31 00:00:00,2024,10,4,KCO,DREWNO,KCO,46,47,269663,273231,232491,31,3,1,1,"7,00","1,08","1,10","-0,0085",43,"253203,10",,,"0,98","0,99",1,"0,92","608581,33","789241,28",117,230,14,"2,2857","698840,40","1347423,95","81297,50","2,3170",131,178,14,"2,3571","757278,67","1025269,20","80995,24","2,3734",6,"26444,18","4,3","4,0",2,"30,7","50,3",2,14,,1,46,"227607,00","-0,0210","0,98"
594243,2024-11,2024-11-30 00:00:00,2024,11,4,KCO,DREWNO,KCO,23,38,136230,221038,188127,30,3,1,1,"-14,33","0,88","0,70","0,0357",22,"130956,10",,,"0,61","0,62",1,"0,89","632868,45","920458,89",112,230,21,"0,0952","670121,30","1353414,70","118885,00","0,1459",129,200,21,"0,8095","750236,66","1156635,42","118292,90","0,8686",10,"46918,39","7,0","6,7",2,"31,1","59,7",2,15,,1,42,"208598,00","0,1088","1,11"
594243,2024-12,2024-12-31 00:00:00,2024,12,4,KCO,DREWNO,KCO,14,58,82297,338528,287557,31,3,1,1,"-13,67","1,22","0,42","0,1687",8,"46821,40",,,"0,24","0,24",1,"0,59","708175,06","1196156,01",83,215,19,"-0,2632","488189,00","1270445,00","106717,50","-0,2288",143,255,20,"1,9000","832796,36","1478723,77","111606,20","2,0332",24,"117300,68","15,6","15,4",2,"37,2","60,0",2,18,,1,73,"362906,00","0,2620","1,26"
594243,2025-01,2025-01-31 00:00:00,2025,1,1,KCO,DREWNO,KCO,41,47,243615,275291,238750,31,3,1,2,"15,00","0,99","1,60","-0,1026",38,"225957,20",,,"0,87","0,88",1,"0,55","714434,14","1323015,47",78,195,19,"1,1579","462141,60","1160982,00","109094,23","1,2331",143,274,17,"1,7647","834857,30","1592135,97","96039,43","1,8664",16,"83875,11","10,4","10,9",2,"43,2","60,0",2,19,,1,38,"200398,00","-0,1606","0,84"
594243,2025-02,2025-02-28 00:00:00,2025,2,1,KCO,DREWNO,KCO,33,48,192879,304225,252246,28,3,1,1,"3,67","0,94","1,20","0,5114",18,"104908,70",,,"0,69","0,63",1,"0,57","778553,02","1411421,47",88,200,24,"0,3750","518790,70","1188912,00","136340,61","0,4147",153,282,20,"1,4000","918044,41","1668281,07","113541,37","1,6794",61,"288623,12","33,5","31,1",1,"37,4","60,0",2,21,,1,93,"467501,00","0,8534","1,85"
594243,2025-03,2025-03-31 00:00:00,2025,3,1,KCO,DREWNO,KCO,45,28,265747,163903,130733,31,3,1,1,"5,33","0,68","1,66","0,4958",29,"171065,90",,,"1,61","1,62",1,"0,94","621729,00","1329904,06",119,202,17,"1,6471","702241,10","1190430,10","97340,00","1,7301",123,266,14,"1,0000","743419,32","1576215,68","79131,06","1,0713",120,"554537,72","90,7","82,9",1,"30,7","60,0",2,24,,1,87,"396646,00","2,0340","3,03"
594243,2025-04,2025-04-30 00:00:00,2025,4,2,KCO,DREWNO,KCO,29,33,169462,192942,159158,30,3,1,1,"-6,67","0,91","0,90","0,1776",22,"128075,50",,,"0,88","0,88",1,"0,95","542136,61","1256570,75",107,185,18,"0,6111","628088,40","1090230,00","102842,50","0,6478",109,252,20,"0,6500","661070,19","1495927,49","113869,05","0,6944",139,"638700,96","114,8","106,0",1,"30,7","60,0",2,26,,1,52,"243327,00","0,5288","1,53"
594243,2025-05,2025-05-31 00:00:00,2025,5,2,KCO,DREWNO,KCO,16,24,95518,140555,112722,31,3,1,1,"-14,00","0,85","0,63","0,0000",11,"65770,50",,,"0,67","0,68",1,"1,07","402612,56","1181165,58",90,178,23,"-0,3043","530727,80","1049518,50","130238,75","-0,2666",85,238,16,"0,5000","497400,66","1415445,07","89671,37","0,5674",139,"639477,84","152,1","147,7",2,"34,2","60,0",2,26,,1,24,"113496,00","0,0069","1,01"
594243,2025-06,2025-06-30 00:00:00,2025,6,2,KCO,DREWNO,KCO,18,31,101795,176682,139612,30,3,1,1,"-3,00","1,06","0,81","-0,4921",6,"29911,50",,,"0,58","0,58",1,"0,72","411491,76","1033220,76",63,182,29,"-0,3793","366774,90","1069016,00","165266,70","-0,3841",88,211,3,"9,3333","510179,60","1253598,92","16439,92","9,7471",108,"499866,09","110,5","109,3",1,"34,2","60,0",2,26,,1,,,"-1,0000",
594243,2025-07,2025-07-31 00:00:00,2025,7,3,KCO,DREWNO,KCO,56,53,330674,311040,241597,31,3,1,2,"26,00","1,47","1,27","-0,5889",22,"128525,50",,,"1,06","1,06",1,"0,84","493930,26","1036066,87",90,197,61,"-0,0820","527986,26","1156074,66","353078,10","-0,0635",108,217,28,"0,8929","628277,58","1289347,77","161879,24","0,9214",55,"259159,90","47,4","48,8",1,"37,9","60,0",2,23,,1,,,"-1,0000",
594243,2025-08,2025-08-31 00:00:00,2025,8,3,KCO,DREWNO,KCO,63,53,342387,285900,250307,31,3,1,1,"17,33","1,16","1,19","-0,3869",45,"241488,50",,,"1,19","1,20",1,"1,00","631515,56","1034128,11",137,227,28,"1,2500","774854,76","1305582,56","164948,60","1,0757",137,222,40,"0,3250","773622,85","1271023,51","228079,60","0,2535",2,"8787,69","1,4","1,3",2,"43,2","60,0",2,21,,1,1,"4658,00","-0,9814","0,02"
594243,2025-09,2025-09-30 00:00:00,2025,9,3,KCO,DREWNO,KCO,35,31,195765,165111,134989,30,3,1,1,"-16,33","0,68","1,00","0,2662",26,"142138,00",,,"1,13","1,19",1,"1,14","626893,17","1038384,93",154,217,43,"-0,1860","868825,26","1235600,16","264229,30","-0,2591",137,225,44,"-0,2955","762051,90","1272231,50","255968,57","-0,3550",43,"189510,89","28,2","27,2",1,"37,6","60,0",2,22,,1,72,"315696,00","1,3387","2,34"
594243,2025-10,2025-10-31 00:00:00,2025,10,4,KCO,DREWNO,KCO,33,39,194247,227940,171882,31,3,1,1,"-10,67","0,95","0,79","-0,2901",20,"117474,10",,,"0,85","0,85",1,"1,08","557178,62","1051108,89",131,221,46,"-0,2826","732398,60","1260384,86","269662,50","-0,2797",123,231,47,"-0,1702","678951,93","1307229,51","273230,50","-0,1658",5,"22077,53","3,8","3,7",1,"32,0","60,0",2,21,,1,1,"4449,00","-0,9741","0,03"
594243,2025-11,2025-11-30 00:00:00,2025,11,4,KCO,DREWNO,KCO,27,23,160775,136817,110823,30,3,1,1,"-4,67","0,74","1,15","-0,0211",22,"130620,05",,,"1,17","1,18",1,"1,04","417694,43","1049209,99",95,232,23,"0,1739","550787,15","1325641,91","136229,50","0,1802",93,230,38,"-0,3947","529868,59","1303491,44","221037,59","-0,3810",3,"14204,35","2,9","3,1",2,"32,0","60,0",2,19,,1,22,"107778,00","-0,0275","0,97"
594243,2025-12,2025-12-31 00:00:00,2025,12,4,KCO,DREWNO,KCO,17,32,94354,187062,164207,31,3,1,1,"-8,67","1,02","0,65","0,4545",12,"64850,55",,,"0,53","0,50",1,"0,81","446911,66","1073804,83",77,231,14,"0,2143","449375,70","1318200,96","82297,00","0,1465",94,231,58,"-0,4483","551819,31","1313871,21","338528,27","-0,4474",38,"189151,43","37,6","39,4",2,"32,0","60,0",2,19,,1,67,"345020,00","1,1011","2,10"
594243,2026-01,2026-01-31 00:00:00,2026,1,1,KCO,DREWNO,KCO,48,42,285250,242236,210410,31,3,1,2,"17,33","1,30","1,20","-0,4022",31,"184842,00",,,"1,14","1,18",1,"0,95","485439,43","1042618,05",92,223,41,"0,1707","540378,60","1272777,20","243615,10","0,1709",97,220,47,"-0,1064","566114,62","1245066,55","275291,44","-0,1201",1,"4407,23","1,0","0,8",2,"25,9","60,0",1,15,"0,0625",1,5,"25665,00","-0,8780","0,12"
594243,2026-02,2026-02-28 00:00:00,2026,2,1,KCO,DREWNO,KCO,44,43,262593,256807,188928,28,3,1,1,"7,67","1,10","1,10","0,1376",36,"214263,50",34,"17,00","1,02","1,02",1,"0,94","563544,83","981239,26",109,204,33,"0,3333","642196,55","1192983,70","192878,60","0,3614",117,210,48,"-0,1042","686104,02","1215972,61","304224,70","-0,1559",16,"71567,17","11,5","10,7",1,"27,0","60,0",1,15,,1,58,"256090,00","0,3555","1,36"
594243,2026-03,2026-03-31 00:00:00,2026,3,1,KCO,DREWNO,KCO,13,14,74151,77551,71117,31,3,1,0,"-22,00","0,42","0,88","0,3429",4,"22803,70",1,"0,33","0,93","0,96",1,"1,08","470455,38","917367,04",105,182,45,"-0,7111","621994,40","1071370,10","265747,40","-0,7210",99,193,28,"-0,5000","576593,02","1128412,33","163903,18","-0,5268",52,"229175,96","48,8","45,3",2,"31,1","60,0",2,14,,1,50,"226000,00","2,1779","3,18"
